<?xml version="1.0"?>
<manifest id="krugmanwellsessentials4e" timestamp="1462990193" supp_win="0"><manuscript id="5731e764757a2eee68000000" title="CHAPTER 1: First Principles" question-delivery-method="ARGA" number="1">
    <section title="Chapter Introduction" id="krugmanwellsessentials4e-ch1-sec1-1a" folder="false" filename="krugmanwellsessentials4e_ch1_1.html" dlapFilename="krugmanwellsessentials4e_ch1_1_dlap.xml" numquestions="0"/>
    <section number="1.1" id="krugmanwellsessentials4e-ch1-sec1-1" folder="true" filename="krugmanwellsessentials4e_ch1_2.html" dlapFilename="krugmanwellsessentials4e_ch1_2_dlap.xml" numquestions="0" hasEmbeddedHeads="true">
      <title>The Ordinary Business of Life</title>
      <section id="krugmanwellsessentials4e-ch1-sec2-1" folder="false">
        <title>My Benefit, Your Cost</title>
      </section>
      <section id="krugmanwellsessentials4e-ch1-sec2-2" folder="false">
        <title>Good Times, Bad Times</title>
      </section>
      <section id="krugmanwellsessentials4e-ch1-sec2-3" folder="false">
        <title>Onward and Upward</title>
      </section>
    </section>
    <section number="1.2" id="krugmanwellsessentials4e-ch1-sec1-2" folder="true" filename="krugmanwellsessentials4e_ch1_3.html" dlapFilename="krugmanwellsessentials4e_ch1_3_dlap.xml" numquestions="0" hasEmbeddedHeads="true">
      <title>Principles That Underlie Individual Choice:<br/>The Core of Economics</title>
      <section id="krugmanwellsessentials4e-ch1-sec2-4" folder="false">
        <title>Principle #1: Choices Are Necessary Because Resources Are Scarce</title>
      </section>
      <section id="krugmanwellsessentials4e-ch1-sec2-5" folder="false">
        <title>Principle #2: The True Cost of Something Is Its Opportunity Cost</title>
      </section>
      <section id="krugmanwellsessentials4e-ch1-sec2-6" folder="false">
        <title>Principle #3: &#x201C;How Much&#x201D; Is a Decision at the Margin</title>
      </section>
      <section id="krugmanwellsessentials4e-ch1-sec2-7" folder="false">
        <title>Principle #4: People Usually Respond to Incentives, Exploiting Opportunities to Make Themselves Better Off</title>
      </section>
    </section>
    <section number="1.3" id="krugmanwellsessentials4e-ch1-sec1-3" folder="true" filename="krugmanwellsessentials4e_ch1_4.html" dlapFilename="krugmanwellsessentials4e_ch1_4_dlap.xml" numquestions="0" hasEmbeddedHeads="true">
      <title>Interaction: How Economies Work</title>
      <section id="krugmanwellsessentials4e-ch1-sec2-8" folder="false">
        <title>Principle #5: There Are Gains from Trade</title>
      </section>
      <section id="krugmanwellsessentials4e-ch1-sec2-9" folder="false">
        <title>Principle #6: Markets Move Toward Equilibrium</title>
      </section>
      <section id="krugmanwellsessentials4e-ch1-sec2-10" folder="false">
        <title>Principle #7: Resources Should Be Used Efficiently to Achieve Society&#x2019;s Goals</title>
      </section>
      <section id="krugmanwellsessentials4e-ch1-sec2-11" folder="false">
        <title>Principle #8: Markets Usually Lead to Efficiency</title>
      </section>
      <section id="krugmanwellsessentials4e-ch1-sec2-12" folder="false">
        <title>Principle #9: When Markets Don&#x2019;t Achieve Efficiency, Government Intervention Can Improve Society&#x2019;s Welfare</title>
      </section>
    </section>
    <section number="1.4" id="krugmanwellsessentials4e-ch1-sec1-4" folder="true" filename="krugmanwellsessentials4e_ch1_5.html" dlapFilename="krugmanwellsessentials4e_ch1_5_dlap.xml" numquestions="0" hasEmbeddedHeads="true">
      <title>Economy-Wide Interactions</title>
      <section id="krugmanwellsessentials4e-ch1-sec2-13" folder="false">
        <title>Principle #10: One Person&#x2019;s Spending Is Another Person&#x2019;s Income</title>
      </section>
      <section id="krugmanwellsessentials4e-ch1-sec2-14" folder="false">
        <title>Principle #11: Overall Spending Sometimes Gets Out of Line with the Economy&#x2019;s Productive Capacity</title>
      </section>
      <section id="krugmanwellsessentials4e-ch1-sec2-15" folder="false">
        <title>Principle #12: Government Policies Can Change Spending</title>
      </section>
    </section>
    <section number="1.5" id="krugmanwellsessentials4e-ch1-sec1-7" folder="false" filename="krugmanwellsessentials4e_ch1_6.html" dlapFilename="krugmanwellsessentials4e_ch1_6_dlap.xml" numquestions="0">
      <title>SUMMARY</title>
    </section>
    <section number="1.6" id="krugmanwellsessentials4e-ch1-sec1-8" folder="false" filename="krugmanwellsessentials4e_ch1_7.html" dlapFilename="krugmanwellsessentials4e_ch1_7_dlap.xml" numquestions="1">
      <title>KEY TERMS</title>
    </section>
    <section number="1.7" id="krugmanwellsessentials4e-ch1-sec1-9" folder="false" filename="krugmanwellsessentials4e_ch1_8.html" dlapFilename="krugmanwellsessentials4e_ch1_8_dlap.xml" numquestions="0">
      <title>PROBLEMS</title>
    </section>
  </manuscript><manuscript id="5731e7b1757a2e1069000000" title="CHAPTER 2: Economic Models: Trade-offs and Trade" question-delivery-method="ARGA" number="2">
    <section title="Chapter Introduction" id="krugmanwellsessentials4e-ch2-sec1-1" folder="false" filename="krugmanwellsessentials4e_ch2_1.html" dlapFilename="krugmanwellsessentials4e_ch2_1_dlap.xml" numquestions="0"/>
    <section number="2.1" id="krugmanwellsessentials4e-ch2-sec1-2" folder="true" filename="krugmanwellsessentials4e_ch2_2.html" dlapFilename="krugmanwellsessentials4e_ch2_2_dlap.xml" numquestions="0" hasEmbeddedHeads="true">
      <title>Models in Economics: Some Important Examples</title>
      <section id="krugmanwellsessentials4e-ch2-sec2-1" folder="false">
        <title>Trade-offs: The Production Possibility Frontier</title>
      </section>
      <section id="krugmanwellsessentials4e-ch2-sec2-2" folder="false">
        <title>Comparative Advantage and Gains from Trade</title>
      </section>
      <section id="krugmanwellsessentials4e-ch2-sec2-3" folder="false">
        <title>Comparative Advantage and International Trade, in Reality</title>
      </section>
      <section id="krugmanwellsessentials4e-ch2-sec2-4" folder="false">
        <title>Transactions: The Circular-Flow Diagram</title>
      </section>
    </section>
    <section number="2.2" id="krugmanwellsessentials4e-ch2-sec1-3" folder="true" filename="krugmanwellsessentials4e_ch2_3.html" dlapFilename="krugmanwellsessentials4e_ch2_3_dlap.xml" numquestions="0" hasEmbeddedHeads="true">
      <title>Using Models</title>
      <section id="idm47531328" folder="false">
        <title>Positive versus Normative Economics</title>
      </section>
      <section id="krugmanwellsessentials4e-ch2-sec2-5" folder="false">
        <title>When and Why Economists Disagree</title>
      </section>
    </section>
    <section number="2.3" id="krugmanwellsessentials4e-ch2-sec1-4" folder="false" filename="krugmanwellsessentials4e_ch2_4.html" dlapFilename="krugmanwellsessentials4e_ch2_4_dlap.xml" numquestions="0">
      <title>Solved Problem</title>
    </section>
    <section number="2.4" id="krugmanwellsessentials4e-ch2-sec1-5" folder="false" filename="krugmanwellsessentials4e_ch2_5.html" dlapFilename="krugmanwellsessentials4e_ch2_5_dlap.xml" numquestions="0">
      <title>SUMMARY</title>
    </section>
    <section number="2.5" id="krugmanwellsessentials4e-ch2-sec1-6" folder="false" filename="krugmanwellsessentials4e_ch2_6.html" dlapFilename="krugmanwellsessentials4e_ch2_6_dlap.xml" numquestions="0">
      <title>KEY TERMS</title>
    </section>
    <section number="2.6" id="krugmanwellsessentials4e-ch2-sec1-7" folder="false" filename="krugmanwellsessentials4e_ch2_7.html" dlapFilename="krugmanwellsessentials4e_ch2_7_dlap.xml" numquestions="0">
      <title>PROBLEMS</title>
    </section>
    <section number="2.7" id="krugmanwellsessentials4e-ch2-sec1-8" folder="false" filename="krugmanwellsessentials4e_ch2_8.html" dlapFilename="krugmanwellsessentials4e_ch2_8_dlap.xml" numquestions="0">
      <title>WORK IT OUT</title>
    </section>
  </manuscript><manuscript id="56f043d3757a2e8f50000001" title="CHAPTER 3: Supply and Demand" question-delivery-method="ARGA" number="3">
    <section title="Chapter Introduction" id="krugmanwellsessentials4e-ch3-sec1-1a" folder="false" filename="krugmanwellsessentials4e_ch3_1.html" dlapFilename="krugmanwellsessentials4e_ch3_1_dlap.xml" numquestions="0"/>
    <section number="3.1" id="krugmanwellsessentials4e-ch3-sec1-1" folder="false" filename="krugmanwellsessentials4e_ch3_2.html" dlapFilename="krugmanwellsessentials4e_ch3_2_dlap.xml" numquestions="0">
      <title>Supply and Demand: A Model of a Competitive Market</title>
    </section>
    <section number="3.2" id="krugmanwellsessentials4e-ch3-sec1-2" folder="true" filename="krugmanwellsessentials4e_ch3_3.html" dlapFilename="krugmanwellsessentials4e_ch3_3_dlap.xml" numquestions="0" hasEmbeddedHeads="true">
      <title>The Demand Curve</title>
      <section id="krugmanwellsessentials4e-ch3-sec2-1" folder="false">
        <title>The Demand Schedule and the Demand Curve</title>
      </section>
      <section id="krugmanwellsessentials4e-ch3-sec2-2" folder="false">
        <title>Shifts of the Demand Curve</title>
      </section>
      <section id="krugmanwellsessentials4e-ch3-sec2-3" folder="false">
        <title>Understanding Shifts of the Demand Curve</title>
      </section>
    </section>
    <section number="3.3" id="krugmanwellsessentials4e-ch3-sec1-3" folder="true" filename="krugmanwellsessentials4e_ch3_4.html" dlapFilename="krugmanwellsessentials4e_ch3_4_dlap.xml" numquestions="0" hasEmbeddedHeads="true">
      <title>The Supply Curve</title>
      <section id="krugmanwellsessentials4e-ch3-sec2-4" folder="false">
        <title>The Supply Schedule and the Supply Curve</title>
      </section>
      <section id="krugmanwellsessentials4e-ch3-sec2-5" folder="false">
        <title>Shifts of the Supply Curve</title>
      </section>
      <section id="krugmanwellsessentials4e-ch3-sec2-6" folder="false">
        <title>Understanding Shifts of the Supply Curve</title>
      </section>
    </section>
    <section number="3.4" id="krugmanwellsessentials4e-ch3-sec1-4" folder="true" filename="krugmanwellsessentials4e_ch3_5.html" dlapFilename="krugmanwellsessentials4e_ch3_5_dlap.xml" numquestions="0" hasEmbeddedHeads="true">
      <title>Supply, Demand, and Equilibrium</title>
      <section id="krugmanwellsessentials4e-ch3-sec2-7" folder="false">
        <title>Finding the Equilibrium Price and Quantity</title>
      </section>
      <section id="krugmanwellsessentials4e-ch3-sec2-8" folder="false">
        <title>Why Do All Sales and Purchases in a Market Take Place at the Same Price?</title>
      </section>
      <section id="krugmanwellsessentials4e-ch3-sec2-9" folder="false">
        <title>Why Does the Market Price Fall If It Is Above the Equilibrium Price?</title>
      </section>
      <section id="krugmanwellsessentials4e-ch3-sec2-10" folder="false">
        <title>Why Does the Market Price Rise If It Is Below the Equilibrium Price?</title>
      </section>
      <section id="krugmanwellsessentials4e-ch3-sec2-11" folder="false">
        <title>Using Equilibrium to Describe Markets</title>
      </section>
    </section>
    <section number="3.5" id="krugmanwellsessentials4e-ch3-sec1-5" folder="true" filename="krugmanwellsessentials4e_ch3_6.html" dlapFilename="krugmanwellsessentials4e_ch3_6_dlap.xml" numquestions="0" hasEmbeddedHeads="true">
      <title>Changes in Supply and Demand</title>
      <section id="krugmanwellsessentials4e-ch3-sec2-12" folder="false">
        <title>What Happens When the Demand Curve Shifts</title>
      </section>
      <section id="krugmanwellsessentials4e-ch3-sec2-13" folder="false">
        <title>What Happens When the Supply Curve Shifts</title>
      </section>
      <section id="krugmanwellsessentials4e-ch3-sec2-14" folder="false">
        <title>Simultaneous Shifts of Supply and Demand Curves</title>
      </section>
    </section>
    <section number="3.6" id="krugmanwellsessentials4e-ch3-sec1-6a" folder="false" filename="krugmanwellsessentials4e_ch3_7.html" dlapFilename="krugmanwellsessentials4e_ch3_7_dlap.xml" numquestions="0">
      <title>Competitive Markets&#x2014;and Others</title>
    </section>
    <section number="3.7" id="krugmanwellsessentials4e-ch3-sec1-6" folder="false" filename="krugmanwellsessentials4e_ch3_8.html" dlapFilename="krugmanwellsessentials4e_ch3_8_dlap.xml" numquestions="0">
      <title>Solved Problem</title>
    </section>
    <section number="3.8" id="krugmanwellsessentials4e-ch3-sec1-7" folder="false" filename="krugmanwellsessentials4e_ch3_9.html" dlapFilename="krugmanwellsessentials4e_ch3_9_dlap.xml" numquestions="0">
      <title>SUMMARY</title>
    </section>
    <section number="3.9" id="krugmanwellsessentials4e-ch3-sec1-8" folder="false" filename="krugmanwellsessentials4e_ch3_10.html" dlapFilename="krugmanwellsessentials4e_ch3_10_dlap.xml" numquestions="1">
      <title>KEY TERMS</title>
    </section>
    <section number="3.10" id="krugmanwellsessentials4e-ch3-sec1-9" folder="false" filename="krugmanwellsessentials4e_ch3_11.html" dlapFilename="krugmanwellsessentials4e_ch3_11_dlap.xml" numquestions="0">
      <title>PROBLEMS</title>
    </section>
  </manuscript><manuscript id="5731e7db757a2e3064000000" title="CHAPTER 4: Price Controls and Quotas: Meddling with Markets" question-delivery-method="ARGA" number="4">
    <section title="Consumer Surplus and the Demand Curve" id="krugmanwellsessentials4e-ch4-sec1-001" folder="false" filename="krugmanwellsessentials4e_ch4_1.html" dlapFilename="krugmanwellsessentials4e_ch4_1_dlap.xml" numquestions="0"/>
    <section number="4.1" id="idm10551392" folder="true" filename="krugmanwellsessentials4e_ch4_2.html" dlapFilename="krugmanwellsessentials4e_ch4_2_dlap.xml" numquestions="0" hasEmbeddedHeads="true">
      <title>Consumer Surplus and the Demand Curve</title>
      <section id="krugmanwellsessentials4e-ch4-sec2-001" folder="false">
        <title>Willingness to Pay and the Demand Curve</title>
      </section>
      <section id="krugmanwellsessentials4e-ch4-sec2-002" folder="false">
        <title>Willingness to Pay and Consumer Surplus</title>
      </section>
    </section>
    <section number="4.2" id="krugmanwellsessentials4e-ch4-sec1-002" folder="true" filename="krugmanwellsessentials4e_ch4_3.html" dlapFilename="krugmanwellsessentials4e_ch4_3_dlap.xml" numquestions="0" hasEmbeddedHeads="true">
      <title>Producer Surplus and the Supply Curve</title>
      <section id="krugmanwellsessentials4e-ch4-sec2-003" folder="false">
        <title>Cost and Producer Surplus</title>
      </section>
    </section>
    <section number="4.3" id="krugmanwellsessentials4e-ch4-sec1-003" folder="false" filename="krugmanwellsessentials4e_ch4_4.html" dlapFilename="krugmanwellsessentials4e_ch4_4_dlap.xml" numquestions="0">
      <title>The Gains from Trade</title>
    </section>
    <section number="4.4" id="krugmanwellsessentials4e-ch4-sec1-004" folder="false" filename="krugmanwellsessentials4e_ch4_5.html" dlapFilename="krugmanwellsessentials4e_ch4_5_dlap.xml" numquestions="0">
      <title>Why Governments Control Prices</title>
    </section>
    <section number="4.5" id="krugmanwellsessentials4e-ch4-sec1-005" folder="true" filename="krugmanwellsessentials4e_ch4_6.html" dlapFilename="krugmanwellsessentials4e_ch4_6_dlap.xml" numquestions="0" hasEmbeddedHeads="true">
      <title>Price Ceilings</title>
      <section id="krugmanwellsessentials4e-ch4-sec2-004" folder="false">
        <title>Modeling a Price Ceiling</title>
      </section>
      <section id="krugmanwellsessentials4e-ch4-sec2-005" folder="false">
        <title>How a Price Ceiling Causes Inefficiency</title>
      </section>
      <section id="krugmanwellsessentials4e-ch4-sec2-006" folder="false">
        <title>So Why Are There Price Ceilings?</title>
      </section>
    </section>
    <section number="4.6" id="krugmanwellsessentials4e-ch4-sec1-006" folder="true" filename="krugmanwellsessentials4e_ch4_7.html" dlapFilename="krugmanwellsessentials4e_ch4_7_dlap.xml" numquestions="0" hasEmbeddedHeads="true">
      <title>Price Floors</title>
      <section id="krugmanwellsessentials4e-ch4-sec2-007" folder="false">
        <title>How a Price Floor Causes Inefficiency</title>
      </section>
      <section id="krugmanwellsessentials4e-ch4-sec2-008" folder="false">
        <title>So Why Are There Price Floors?</title>
      </section>
    </section>
    <section number="4.7" id="krugmanwellsessentials4e-ch4-sec1-007" folder="true" filename="krugmanwellsessentials4e_ch4_8.html" dlapFilename="krugmanwellsessentials4e_ch4_8_dlap.xml" numquestions="0" hasEmbeddedHeads="true">
      <title>Controlling Quantities</title>
      <section id="krugmanwellsessentials4e-ch4-sec2-009" folder="false">
        <title>The Anatomy of Quantity Controls</title>
      </section>
      <section id="krugmanwellsessentials4e-ch4-sec2-010" folder="false">
        <title>The Costs of Quantity Controls</title>
      </section>
    </section>
    <section number="4.8" id="krugmanwellsessentials4e-ch4-sec1-012" folder="false" filename="krugmanwellsessentials4e_ch4_9.html" dlapFilename="krugmanwellsessentials4e_ch4_9_dlap.xml" numquestions="0">
      <title>Solved Problem</title>
    </section>
    <section number="4.9" id="krugmanwellsessentials4e-ch4-sec1-008" folder="false" filename="krugmanwellsessentials4e_ch4_10.html" dlapFilename="krugmanwellsessentials4e_ch4_10_dlap.xml" numquestions="0">
      <title>SUMMARY</title>
    </section>
    <section number="4.10" id="krugmanwellsessentials4e-ch4-sec1-009" folder="false" filename="krugmanwellsessentials4e_ch4_11.html" dlapFilename="krugmanwellsessentials4e_ch4_11_dlap.xml" numquestions="0">
      <title>KEY TERMS</title>
    </section>
    <section number="4.11" id="krugmanwellsessentials4e-ch4-sec1-010" folder="false" filename="krugmanwellsessentials4e_ch4_12.html" dlapFilename="krugmanwellsessentials4e_ch4_12_dlap.xml" numquestions="0">
      <title>PROBLEMS</title>
    </section>
    <section number="4.12" id="krugmanwellsessentials4e-ch4-sec1-011" folder="false" filename="krugmanwellsessentials4e_ch4_13.html" dlapFilename="krugmanwellsessentials4e_ch4_13_dlap.xml" numquestions="0">
      <title>WORK IT OUT</title>
    </section>
  </manuscript><manuscript id="5731e805757a2e5f68000000" title="CHAPTER 5: Elasticity and Taxation" question-delivery-method="ARGA" number="5">
    <section title="Defining and Measuring Elasticity" id="krugmanwellsessentials4e-ch5-sec1-001" folder="false" filename="krugmanwellsessentials4e_ch5_1.html" dlapFilename="krugmanwellsessentials4e_ch5_1_dlap.xml" numquestions="0"/>
    <section number="5.1" id="idm952576" folder="true" filename="krugmanwellsessentials4e_ch5_2.html" dlapFilename="krugmanwellsessentials4e_ch5_2_dlap.xml" numquestions="0" hasEmbeddedHeads="true">
      <title>Defining and Measuring Elasticity</title>
      <section id="krugmanwellsessentials4e-ch5-sec2-001" folder="false">
        <title>Calculating the Price Elasticity of Demand</title>
      </section>
      <section id="krugmanwellsessentials4e-ch5-sec2-002" folder="false">
        <title>An Alternative Way to Calculate Elasticities: The Midpoint Method</title>
      </section>
    </section>
    <section number="5.2" id="krugmanwellsessentials4e-ch5-sec1-002" folder="true" filename="krugmanwellsessentials4e_ch5_3.html" dlapFilename="krugmanwellsessentials4e_ch5_3_dlap.xml" numquestions="0" hasEmbeddedHeads="true">
      <title>Interpreting the Price Elasticity of Demand</title>
      <section id="krugmanwellsessentials4e-ch5-sec2-003" folder="false">
        <title>How Elastic Is Elastic?</title>
      </section>
      <section id="krugmanwellsessentials4e-ch5-sec2-004" folder="false">
        <title>Price Elasticity Along the Demand Curve</title>
      </section>
      <section id="krugmanwellsessentials4e-ch5-sec2-005" folder="false">
        <title>What Factors Determine the Price Elasticity of Demand?</title>
      </section>
    </section>
    <section number="5.3" id="krugmanwellsessentials4e-ch5-sec1-003" folder="true" filename="krugmanwellsessentials4e_ch5_4.html" dlapFilename="krugmanwellsessentials4e_ch5_4_dlap.xml" numquestions="0" hasEmbeddedHeads="true">
      <title>Other Demand Elasticities</title>
      <section id="krugmanwellsessentials4e-ch5-sec2-006" folder="false">
        <title>The Cross-Price Elasticity of Demand</title>
      </section>
      <section id="krugmanwellsessentials4e-ch5-sec2-007" folder="false">
        <title>The Income Elasticity of Demand</title>
      </section>
    </section>
    <section number="5.4" id="krugmanwellsessentials4e-ch5-sec1-004" folder="true" filename="krugmanwellsessentials4e_ch5_5.html" dlapFilename="krugmanwellsessentials4e_ch5_5_dlap.xml" numquestions="0" hasEmbeddedHeads="true">
      <title>The Price Elasticity of Supply</title>
      <section id="krugmanwellsessentials4e-ch5-sec2-008" folder="false">
        <title>Measuring the Price Elasticity of Supply</title>
      </section>
      <section id="krugmanwellsessentials4e-ch5-sec2-009" folder="false">
        <title>What Factors Determine the Price Elasticity of Supply?</title>
      </section>
    </section>
    <section number="5.5" id="krugmanwellsessentials4e-ch5-sec1-005" folder="false" filename="krugmanwellsessentials4e_ch5_6.html" dlapFilename="krugmanwellsessentials4e_ch5_6_dlap.xml" numquestions="0">
      <title>An Elasticity Menagerie</title>
    </section>
    <section number="5.6" id="krugmanwellsessentials4e-ch5-sec1-006" folder="true" filename="krugmanwellsessentials4e_ch5_7.html" dlapFilename="krugmanwellsessentials4e_ch5_7_dlap.xml" numquestions="0" hasEmbeddedHeads="true">
      <title>The Benefits and Costs of Taxation</title>
      <section id="krugmanwellsessentials4e-ch5-sec2-010" folder="false">
        <title>The Revenue from an Excise Tax</title>
      </section>
      <section id="krugmanwellsessentials4e-ch5-sec2-011" folder="false">
        <title>Tax Rates and Revenue</title>
      </section>
      <section id="krugmanwellsessentials4e-ch5-sec2-012" folder="false">
        <title>The Costs of Taxation</title>
      </section>
      <section id="krugmanwellsessentials4e-ch5-sec2-013" folder="false">
        <title>Elasticities and the Deadweight Loss of a Tax</title>
      </section>
    </section>
    <section number="5.7" id="krugmanwellsessentials4e-ch5-sec1-6a" folder="false" filename="krugmanwellsessentials4e_ch5_8.html" dlapFilename="krugmanwellsessentials4e_ch5_8_dlap.xml" numquestions="0">
      <title>Solved Problem</title>
    </section>
    <section number="5.8" id="krugmanwellsessentials4e-ch5-sec1-007" folder="false" filename="krugmanwellsessentials4e_ch5_9.html" dlapFilename="krugmanwellsessentials4e_ch5_9_dlap.xml" numquestions="0">
      <title>SUMMARY</title>
    </section>
    <section number="5.9" id="krugmanwellsessentials4e-ch5-sec1-008" folder="false" filename="krugmanwellsessentials4e_ch5_10.html" dlapFilename="krugmanwellsessentials4e_ch5_10_dlap.xml" numquestions="0">
      <title>KEY TERMS</title>
    </section>
    <section number="5.10" id="krugmanwellsessentials4e-ch5-sec1-009" folder="false" filename="krugmanwellsessentials4e_ch5_11.html" dlapFilename="krugmanwellsessentials4e_ch5_11_dlap.xml" numquestions="0">
      <title>PROBLEMS</title>
    </section>
    <section number="5.11" id="krugmanwellsessentials4e-ch5-sec1-010" folder="false" filename="krugmanwellsessentials4e_ch5_12.html" dlapFilename="krugmanwellsessentials4e_ch5_12_dlap.xml" numquestions="0">
      <title>WORK IT OUT</title>
    </section>
    <section number="5.12" id="krugmanwellsessentials4e-ch5-sec1-7a" folder="false" filename="krugmanwellsessentials4e_ch5_13.html" dlapFilename="krugmanwellsessentials4e_ch5_13_dlap.xml" numquestions="0">
      <title>Business Case</title>
    </section>
  </manuscript></manifest>
